{
  "accuracy": 0.9511111111111111,
  "macro_f1": 0.8555672268907564,
  "classification_report": {
    "left": {
      "precision": 0.9635922330097088,
      "recall": 0.9826732673267327,
      "f1-score": 0.9730392156862745,
      "support": 404.0
    },
    "right": {
      "precision": 0.8157894736842105,
      "recall": 0.6739130434782609,
      "f1-score": 0.7380952380952381,
      "support": 46.0
    },
    "accuracy": 0.9511111111111111,
    "macro avg": {
      "precision": 0.8896908533469596,
      "recall": 0.8282931554024968,
      "f1-score": 0.8555672268907564,
      "support": 450.0
    },
    "weighted avg": {
      "precision": 0.9484835065008801,
      "recall": 0.9511111111111111,
      "f1-score": 0.9490227201991909,
      "support": 450.0
    }
  },
  "family": "sklearn",
  "model_id": "tfidf_svm_quick",
  "n_eval_docs": 450,
  "n_features": 7548
}