{
  "accuracy": 0.9230419573509357,
  "macro_f1": 0.9129067527363146,
  "classification_report": {
    "left": {
      "precision": 0.8610867403638065,
      "recall": 0.9064712763992365,
      "f1-score": 0.8831963525106485,
      "support": 16241.0
    },
    "right": {
      "precision": 0.9546594233180109,
      "recall": 0.9308749054077653,
      "f1-score": 0.9426171529619806,
      "support": 34358.0
    },
    "accuracy": 0.9230419573509357,
    "macro avg": {
      "precision": 0.9078730818409086,
      "recall": 0.9186730909035009,
      "f1-score": 0.9129067527363146,
      "support": 50599.0
    },
    "weighted avg": {
      "precision": 0.9246249573432044,
      "recall": 0.9230419573509357,
      "f1-score": 0.9235445780073356,
      "support": 50599.0
    }
  },
  "family": "spacy",
  "model_id": "spacy_cnn_quick",
  "n_eval_docs": 50599
}