{
  "accuracy": 0.8966666666666666,
  "macro_f1": 0.655542797881403,
  "classification_report": {
    "left": {
      "precision": 0.9219858156028369,
      "recall": 0.966542750929368,
      "f1-score": 0.9437386569872959,
      "support": 269.0
    },
    "right": {
      "precision": 0.5,
      "recall": 0.2903225806451613,
      "f1-score": 0.3673469387755102,
      "support": 31.0
    },
    "accuracy": 0.8966666666666666,
    "macro avg": {
      "precision": 0.7109929078014184,
      "recall": 0.6284326657872646,
      "f1-score": 0.655542797881403,
      "support": 300.0
    },
    "weighted avg": {
      "precision": 0.8783806146572105,
      "recall": 0.8966666666666666,
      "f1-score": 0.8841781794387447,
      "support": 300.0
    }
  },
  "family": "spacy",
  "model_id": "spacy_cnn_quick",
  "n_eval_docs": 300
}