{
  "accuracy": 0.9711111111111111,
  "macro_f1": 0.9137308106354427,
  "classification_report": {
    "left": {
      "precision": 0.9733656174334141,
      "recall": 0.995049504950495,
      "f1-score": 0.9840881272949816,
      "support": 404.0
    },
    "right": {
      "precision": 0.9459459459459459,
      "recall": 0.7608695652173914,
      "f1-score": 0.8433734939759037,
      "support": 46.0
    },
    "accuracy": 0.9711111111111111,
    "macro avg": {
      "precision": 0.95965578168968,
      "recall": 0.8779595350839432,
      "f1-score": 0.9137308106354427,
      "support": 450.0
    },
    "weighted avg": {
      "precision": 0.9705627176813618,
      "recall": 0.9711111111111111,
      "f1-score": 0.9697039647779204,
      "support": 450.0
    }
  },
  "family": "spacy",
  "model_id": "spacy_cnn_quick",
  "n_eval_docs": 450
}