{
  "accuracy": 0.8246803296507836,
  "macro_f1": 0.8115037976737023,
  "classification_report": {
    "left": {
      "precision": 0.6756434699714013,
      "recall": 0.8727910842928391,
      "f1-score": 0.7616668009994358,
      "support": 16241.0
    },
    "right": {
      "precision": 0.9302474762821162,
      "recall": 0.8019384131788811,
      "f1-score": 0.8613407943479688,
      "support": 34358.0
    },
    "accuracy": 0.8246803296507836,
    "macro avg": {
      "precision": 0.8029454731267588,
      "recall": 0.8373647487358602,
      "f1-score": 0.8115037976737023,
      "support": 50599.0
    },
    "weighted avg": {
      "precision": 0.8485260259275179,
      "recall": 0.8246803296507836,
      "f1-score": 0.8293479619605002,
      "support": 50599.0
    }
  },
  "family": "sklearn",
  "model_id": "tfidf_randomtree",
  "n_eval_docs": 50599,
  "n_features": 50000
}